{
  "n_total": 5572,
  "n_spam": 747,
  "n_ham": 4825,
  "pct_spam": 0.13406317300789664,
  "len_tokens": {
    "all": {
      "mean": 15.597451543431443,
      "median": 12.0,
      "std": 11.40405319755219,
      "min": 1.0,
      "max": 171.0,
      "chars": {
        "mean": 80.48994974874371,
        "median": 62.0,
        "std": 59.94290713513577,
        "min": 2.0,
        "max": 910.0
      }
    },
    "spam": {
      "mean": 23.91164658634538,
      "median": 25.0,
      "std": 5.780174199196308,
      "min": 2.0,
      "max": 35.0,
      "chars": {
        "mean": 138.6706827309237,
        "median": 149.0,
        "std": 28.873603350548088,
        "min": 13.0,
        "max": 223.0
      }
    },
    "ham": {
      "mean": 14.310259067357514,
      "median": 11.0,
      "std": 11.517944595924826,
      "min": 1.0,
      "max": 171.0,
      "chars": {
        "mean": 71.48248704663213,
        "median": 52.0,
        "std": 58.44065247020548,
        "min": 2.0,
        "max": 910.0
      }
    }
  },
  "top_spam": [
    [
      "free",
      224
    ],
    [
      "txt",
      163
    ],
    [
      "ur",
      144
    ],
    [
      "mobile",
      127
    ],
    [
      "text",
      125
    ],
    [
      "stop",
      123
    ],
    [
      "claim",
      113
    ],
    [
      "reply",
      104
    ],
    [
      "www",
      98
    ],
    [
      "prize",
      93
    ],
    [
      "just",
      79
    ],
    [
      "won",
      76
    ],
    [
      "cash",
      76
    ],
    [
      "uk",
      74
    ],
    [
      "150p",
      71
    ],
    [
      "send",
      71
    ],
    [
      "new",
      69
    ],
    [
      "nokia",
      67
    ],
    [
      "win",
      64
    ],
    [
      "urgent",
      63
    ]
  ],
  "top_ham": [
    [
      "gt",
      318
    ],
    [
      "lt",
      316
    ],
    [
      "just",
      297
    ],
    [
      "ok",
      288
    ],
    [
      "ll",
      266
    ],
    [
      "ur",
      247
    ],
    [
      "know",
      237
    ],
    [
      "good",
      235
    ],
    [
      "like",
      234
    ],
    [
      "got",
      233
    ],
    [
      "come",
      230
    ],
    [
      "day",
      212
    ],
    [
      "love",
      205
    ],
    [
      "time",
      202
    ],
    [
      "going",
      169
    ],
    [
      "want",
      165
    ],
    [
      "home",
      165
    ],
    [
      "lor",
      162
    ],
    [
      "need",
      159
    ],
    [
      "don",
      159
    ]
  ]
}