{
  "lr": {
    "threshold": 0.5,
    "confusion_matrix": [
      [
        715,
        9
      ],
      [
        9,
        103
      ]
    ],
    "report": {
      "0": {
        "precision": 0.9875690607734806,
        "recall": 0.9875690607734806,
        "f1-score": 0.9875690607734806,
        "support": 724.0
      },
      "1": {
        "precision": 0.9196428571428571,
        "recall": 0.9196428571428571,
        "f1-score": 0.9196428571428571,
        "support": 112.0
      },
      "accuracy": 0.9784688995215312,
      "macro avg": {
        "precision": 0.9536059589581689,
        "recall": 0.9536059589581689,
        "f1-score": 0.9536059589581689,
        "support": 836.0
      },
      "weighted avg": {
        "precision": 0.9784688995215312,
        "recall": 0.9784688995215312,
        "f1-score": 0.9784688995215312,
        "support": 836.0
      }
    },
    "auc": 0.9842023480662984,
    "average_precision": 0.9663132950080789
  },
  "nb": {
    "threshold": 0.5,
    "confusion_matrix": [
      [
        723,
        1
      ],
      [
        10,
        102
      ]
    ],
    "report": {
      "0": {
        "precision": 0.9863574351978172,
        "recall": 0.9986187845303868,
        "f1-score": 0.9924502402196294,
        "support": 724.0
      },
      "1": {
        "precision": 0.9902912621359223,
        "recall": 0.9107142857142857,
        "f1-score": 0.9488372093023256,
        "support": 112.0
      },
      "accuracy": 0.9868421052631579,
      "macro avg": {
        "precision": 0.9883243486668698,
        "recall": 0.9546665351223362,
        "f1-score": 0.9706437247609775,
        "support": 836.0
      },
      "weighted avg": {
        "precision": 0.9868844550746925,
        "recall": 0.9868421052631579,
        "f1-score": 0.9866073461254451,
        "support": 836.0
      }
    },
    "auc": 0.9926746250986582,
    "average_precision": 0.9793169894813558
  }
}