{
  "nb_val": {
    "accuracy": 0.9916267942583732,
    "precision_spam": 0.9906542056074766,
    "recall_spam": 0.9464285714285714,
    "f1_spam": 0.9680365296803652,
    "auc": 0.9957700276243093,
    "confusion_matrix": [
      [
        723,
        1
      ],
      [
        6,
        106
      ]
    ],
    "threshold": 0.5
  },
  "lr_val": {
    "accuracy": 0.9868421052631579,
    "precision_spam": 0.9809523809523809,
    "recall_spam": 0.9196428571428571,
    "f1_spam": 0.9493087557603687,
    "auc": 0.9917743685872139,
    "confusion_matrix": [
      [
        722,
        2
      ],
      [
        9,
        103
      ]
    ],
    "threshold": 0.5
  },
  "nb_test": {
    "accuracy": 0.9868421052631579,
    "precision_spam": 0.9719626168224299,
    "recall_spam": 0.9285714285714286,
    "f1_spam": 0.9497716894977168,
    "auc": 0.996066002367798,
    "confusion_matrix": [
      [
        721,
        3
      ],
      [
        8,
        104
      ]
    ],
    "threshold": 0.5
  }
}