{
  "nb_val": {
    "accuracy": 0.9880382775119617,
    "precision_spam": 1.0,
    "recall_spam": 0.9107142857142857,
    "f1_spam": 0.9532710280373832,
    "auc": 0.9939325177584846,
    "confusion_matrix": [
      [
        724,
        0
      ],
      [
        10,
        102
      ]
    ],
    "threshold": 0.5
  },
  "lr_val": {
    "accuracy": 0.9796650717703349,
    "precision_spam": 0.9279279279279279,
    "recall_spam": 0.9196428571428571,
    "f1_spam": 0.9237668161434978,
    "auc": 0.9908556136543015,
    "confusion_matrix": [
      [
        716,
        8
      ],
      [
        9,
        103
      ]
    ],
    "threshold": 0.5
  },
  "nb_test": {
    "accuracy": 0.9868421052631579,
    "precision_spam": 0.9902912621359223,
    "recall_spam": 0.9107142857142857,
    "f1_spam": 0.9488372093023256,
    "auc": 0.9926746250986582,
    "confusion_matrix": [
      [
        723,
        1
      ],
      [
        10,
        102
      ]
    ],
    "threshold": 0.5
  }
}