model,accuracy,precision_spam,recall_spam,f1_spam,auc,average_precision
lr,0.9784688995215312,0.9196428571428571,0.9196428571428571,0.9196428571428571,0.9842023480662984,0.9663132950080789
nb,0.9868421052631579,0.9902912621359223,0.9107142857142857,0.9488372093023256,0.9926746250986582,0.9793169894813558
